spot_id,spot_name,state,region,county_or_area,geocode_query,beach_orientation_deg,notes,preferred_ndbc_station,preferred_coops_station,geocode_query_original,lat,lon,geocode_source
0fde121b,Rincon (The Queen),CA,Southern California,Santa Barbara,"Rincon Point, Carpinteria, CA",,World-class right; best on NW swell + light E/NE wind.,,,"Rincon Point surf break, Carpinteria, CA",34.3988838,-119.5184564,"Rincon Point, Carpinteria, CA"
2639e757,Sandspit,CA,Southern California,Santa Barbara,"Sandspit spot, Santa Barbara, CA",,Long right; needs solid swell; watch currents/boats.,,,"Sandspit surf spot, Santa Barbara, CA",34.4221319,-119.702667,"Sandspit spot, Santa Barbara, CA"
c80984b7,Leadbetter Beach,CA,Southern California,Santa Barbara,"Leadbetter Beach, Santa Barbara, CA",,Beginner-friendly on smaller days; can be windy.,,,"Leadbetter Beach surf, Santa Barbara, CA",34.4009409,-119.7006062372549,"Leadbetter Beach, Santa Barbara, CA"
364a6638,Campus Point,CA,Southern California,Santa Barbara,"Campus Point, Isla Vista, CA",,Classic point/reef; best on W/NW swell.,,,"Campus Point surf, Isla Vista, CA",34.4047858,-119.8441096,"Campus Point, Isla Vista, CA"
da88dde0,Devereux / Sands,CA,Southern California,Santa Barbara,"Devereux Beach, Goleta, CA",,Beachbreak/reef mix; can handle size.,,,"Devereux Beach surf, Goleta, CA",34.4358295,-119.8276389,"Devereux Beach, Goleta, CA"
8642c83b,Hammonds Reef,CA,Southern California,Santa Barbara,"Hammonds Reef, Montecito, CA",,Reef break; better at mid–high tide; watch rocks.,,,"Hammonds Reef surf, Montecito, CA",34.4366626,-119.6320753,"Hammonds Reef, Montecito, CA"
96d37be5,Miramar Beach,CA,Southern California,Santa Barbara,"Miramar Beach, Montecito, CA",,Softer point/reef; longboard waves.,,,"Miramar Beach surf, Montecito, CA",37.4932741,-122.4602544,"Miramar Beach, Montecito, CA"
112cab76,Carpinteria State Beach,CA,Southern California,Santa Barbara,"Carpinteria State Beach, Carpinteria, CA",,Mellow peelers; tide dependent.,,,"Carpinteria State Beach surf, Carpinteria, CA",34.3913252,-119.52147311429056,"Carpinteria State Beach, Carpinteria, CA"
bfeaf3ba,Tarpits / Loon Point,CA,Southern California,Santa Barbara,"Loon Point, Santa Barbara County, CA",,Reef/point sections; local knowledge helps.,,,"Loon Point surf, Santa Barbara County, CA",34.4126856,-119.5766852,"Loon Point, Santa Barbara County, CA"
066f727a,C Street (Ventura Point),CA,Southern California,Ventura,"C Street, Ventura, CA",,Right point; best on W/NW swell; crowds.,,,"C Street surf, Ventura, CA",34.18731988113406,-119.17269590416849,"C Street, Ventura, CA"
d61a5e3d,Ventura Pier,CA,Southern California,Ventura,"Ventura Pier, Ventura, CA",,Beachbreak near pier; peaky; can get punchy.,,,"Ventura Pier surf, Ventura, CA",34.276187,-119.290436,"Ventura Pier, Ventura, CA"
a9e978c0,Emma Wood,CA,Southern California,Ventura,"Emma Wood State Beach, Ventura, CA",,Reef points; best on NW; rocks.,,,"Emma Wood State Beach surf, Ventura, CA",34.28421695,-119.32237250298436,"Emma Wood State Beach, Ventura, CA"
6cbe9ed0,Mondos,CA,Southern California,Ventura,"Mondos Beach, Ventura County, CA",,Beginner/longboard; very tide/wind sensitive.,,,"Mondos Beach surf, Ventura County, CA",36.8465642,-121.8046101,"Mondos Beach, Ventura County, CA"
e97b7a00,Pitas Point,CA,Southern California,Ventura,"Pitas Point, Ventura County, CA",,Right point; best on W/NW; quality on bigger days.,,,"Pitas Point surf, Ventura County, CA",34.458416,-119.090374,"Pitas Point, Ventura County, CA"
c05f2c51,Faria,CA,Southern California,Ventura,"Faria Beach, Ventura County, CA",,Point/reef; consistent; can be hollow.,,,"Faria Beach surf, Ventura County, CA",34.3190377,-119.3847029,"Faria Beach, Ventura County, CA"
2a92552f,Solimar,CA,Southern California,Ventura,"Solimar Beach, Ventura County, CA",,Beachbreak/reef; can barrel; local vibe.,,,"Solimar Beach surf, Ventura County, CA",36.8465642,-121.8046101,"Solimar Beach, Ventura County, CA"
4f5392d5,Seaside / Point Mugu,CA,Southern California,Ventura,"Point Mugu, Ventura County, CA",,Sandbars; works on W/NW; check access.,,,"Point Mugu surf, Ventura County, CA",34.0854138,-119.060992,"Point Mugu, Ventura County, CA"
850fcd30,Leo Carrillo (County line),CA,Southern California,Ventura,"Leo Carrillo State Beach, Malibu, CA",,Reef points + beachbreak; variety.,,,"Leo Carrillo State Beach surf, Malibu, CA",34.035591,-118.689423,"Leo Carrillo State Beach, Malibu, CA"
56d73c2e,Malibu Surfrider (First Point),CA,Southern California,Los Angeles,"Surfrider Beach, Malibu, CA",,Iconic long right; best on W/NW; crowds.,,,"Surfrider Beach surf, Malibu, CA",34.03379685,-118.67951586855376,"Surfrider Beach, Malibu, CA"
49004fb7,Malibu Second Point,CA,Southern California,Los Angeles,"Malibu Second Point, Malibu, CA",,Longboard/point; better on medium swell.,,,"Malibu Second Point surf, Malibu, CA",34.035591,-118.689423,"Malibu Second Point, Malibu, CA"
3659484b,Malibu Third Point,CA,Southern California,Los Angeles,"Malibu Third Point, Malibu, CA",,Fast sections; better at mid tide.,,,"Malibu Third Point surf, Malibu, CA",34.03112,-118.68231,"Malibu Third Point, Malibu, CA"
a7f452cc,Zuma Beach,CA,Southern California,Los Angeles,"Zuma Beach, Malibu, CA",,Consistent beachbreak; handles swell.,,,"Zuma Beach surf, Malibu, CA",34.0214393,-118.83103490574348,"Zuma Beach, Malibu, CA"
3c666332,Topanga,CA,Southern California,Los Angeles,"Topanga State Beach, Topanga, CA",,Point/reef; works W/NW; can be soft.,,,"Topanga State Beach surf, Topanga, CA",34.0897,-118.6029649,"Topanga State Beach, Topanga, CA"
40ffead4,Sunset Point,CA,Southern California,Los Angeles,"Sunset Point, Pacific Palisades, CA",,Reef; best at mid tide; rocks.,,,"Sunset Point surf, Pacific Palisades, CA",34.03923695,-118.55567669510518,"Sunset Point, Pacific Palisades, CA"
46656078,Santa Monica / Bay Street,CA,Southern California,Los Angeles,"Bay Street, Santa Monica, CA",,Peaky beachbreak; wind sensitive.,,,"Bay Street surf, Santa Monica, CA",34.00779599016845,-118.48805106758194,"Bay Street, Santa Monica, CA"
e2151700,Venice Breakwater,CA,Southern California,Los Angeles,"Venice Breakwater, Venice, CA",,Peaky beachbreak; can be punchy.,,,"Venice Breakwater surf, Venice, CA",33.987237,-118.471124,"Venice Breakwater, Venice, CA"
3addf417,El Porto,CA,Southern California,Los Angeles,"El Porto, Manhattan Beach, CA",,Reliable beachbreak; peaks; can barrel.,,,"El Porto surf, Manhattan Beach, CA",33.90239986907841,-118.41903656659726,"El Porto, Manhattan Beach, CA"
24e3eef9,Manhattan Beach Pier,CA,Southern California,Los Angeles,"Manhattan Beach Pier, Manhattan Beach, CA",,Peaky; bigger days can be heavy.,,,"Manhattan Beach Pier surf, Manhattan Beach, CA",33.88386831623044,-118.413238705372,"Manhattan Beach Pier, Manhattan Beach, CA"
8ae99b0c,Hermosa Beach Pier,CA,Southern California,Los Angeles,"Hermosa Beach Pier, Hermosa Beach, CA",,Fun peaks; varies with sandbars.,,,"Hermosa Beach Pier surf, Hermosa Beach, CA",33.86155971808413,-118.4036627534195,"Hermosa Beach Pier, Hermosa Beach, CA"
5edc7f74,Redondo Beach,CA,Southern California,Los Angeles,"Redondo Beach, Redondo Beach, CA",,Wind/tide sensitive beachbreak.,,,"Redondo Beach surf, Redondo Beach, CA",33.8398289,-118.3845942,"Redondo Beach, Redondo Beach, CA"
a0281542,Palos Verdes (Lunada Bay),CA,Southern California,Los Angeles,"Lunada Bay, Palos Verdes Estates, CA",,Reef; advanced; access etiquette.,,,"Lunada Bay surf, Palos Verdes Estates, CA",33.780487,-118.416062,"Lunada Bay, Palos Verdes Estates, CA"
cf80b03e,PV Cove,CA,Southern California,Los Angeles,"PV Cove, Palos Verdes, CA",,Reef; good on swell; rocks.,,,"PV Cove surf, Palos Verdes, CA",37.928359,-122.081814,"PV Cove, Palos Verdes, CA"
694e18a0,Santa Monica Canyon,CA,Southern California,Los Angeles,"Santa Monica Canyon, Santa Monica, CA",,Beachbreak; local conditions.,,,"Santa Monica Canyon surf, Santa Monica, CA",34.052502104578615,-118.49692851671269,"Santa Monica Canyon, Santa Monica, CA"
9a37e3df,Bolsa Chica,CA,Southern California,Orange,"Bolsa Chica State Beach, Huntington Beach, CA",,Sandbar beachbreak; consistent.,,,"Bolsa Chica State Beach surf, Huntington Beach, CA",33.69846715,-118.05104100650897,"Bolsa Chica State Beach, Huntington Beach, CA"
f6da1d4c,Huntington Beach Pier,CA,Southern California,Orange,"Huntington Beach Pier, Huntington Beach, CA",,Iconic peaks; handles size; crowds.,,,"Huntington Beach Pier surf, Huntington Beach, CA",33.6546016,-118.00465287720274,"Huntington Beach Pier, Huntington Beach, CA"
07de1799,HB Northside,CA,Southern California,Orange,"Northside Huntington Beach, Huntington Beach, CA",,Peaky; less crowded than pier.,,,"Northside Huntington Beach surf, Huntington Beach, CA",33.6783336,-118.000016,"Northside Huntington Beach, Huntington Beach, CA"
e4065c34,Newport Beach Pier,CA,Southern California,Orange,"Newport Beach Pier, Newport Beach, CA",,Punchy beachbreak; can barrel.,,,"Newport Beach Pier surf, Newport Beach, CA",33.60675105,-117.93009402551596,"Newport Beach Pier, Newport Beach, CA"
b1e34142,56th Street Newport,CA,Southern California,Orange,"56th Street Newport Beach, Newport Beach, CA",,Hollow peaks; tide sensitive.,,,"56th Street Newport Beach surf, Newport Beach, CA",33.62394338896867,-117.94591207836449,"56th Street Newport Beach, Newport Beach, CA"
eccaef0d,54th Street Newport,CA,Southern California,Orange,"54th Street Newport Beach, Newport Beach, CA",,Fast sandbar; can be heavy.,,,"54th Street Newport Beach surf, Newport Beach, CA",33.623661192313286,-117.94449380575045,"54th Street Newport Beach, Newport Beach, CA"
d9a5895b,Corona del Mar (Big Corona),CA,Southern California,Orange,"Corona del Mar State Beach, Newport Beach, CA",,Beachbreak; can get big closeouts.,,,"Corona del Mar State Beach surf, Newport Beach, CA",33.5939203,-117.87648311559623,"Corona del Mar State Beach, Newport Beach, CA"
55245980,The Wedge,CA,Southern California,Orange,"The Wedge, Newport Beach, CA",,Very heavy shorebreak; experts only.,,,"The Wedge surf, Newport Beach, CA",33.59252,-117.88228,"The Wedge, Newport Beach, CA"
d56711fb,Rockpile (Newport),CA,Southern California,Orange,"Newport Rockpile, Newport Beach, CA",,Sandbar peaks; quality on swell.,,,"Newport Rockpile surf, Newport Beach, CA",33.6127353,-117.876798,"Newport Rockpile, Newport Beach, CA"
84c37b08,Doheny State Beach,CA,Southern California,Orange,"Doheny State Beach, Dana Point, CA",,Beginner/longboard; mellow inside.,,,"Doheny State Beach surf, Dana Point, CA",33.460155099999994,-117.67681978899304,"Doheny State Beach, Dana Point, CA"
e97fecb8,Doheny Rivermouth,CA,Southern California,Orange,"Doheny Rivermouth, Dana Point, CA",,Peaky; can get punchy.,,,"Doheny Rivermouth surf, Dana Point, CA",33.4669721,-117.6981075,"Doheny Rivermouth, Dana Point, CA"
c6d1b89b,Salt Creek,CA,Southern California,Orange,"Salt Creek Beach, Dana Point, CA",,Reliable peaks; can be powerful.,,,"Salt Creek Beach surf, Dana Point, CA",33.478753600000005,-117.72373594028208,"Salt Creek Beach, Dana Point, CA"
93680fa3,Strands,CA,Southern California,Orange,"Strands Beach, Dana Point, CA",,Beachbreak/reef edges; good all around.,,,"Strands Beach surf, Dana Point, CA",33.46791355,-117.71727959208128,"Strands Beach, Dana Point, CA"
2b9ec514,Dana Point Harbor,CA,Southern California,Orange,"Dana Point Harbor, Dana Point, CA",,Wind/tide sensitive; check access.,,,"Dana Point Harbor surf, Dana Point, CA",33.473815581,-117.697415279,"Dana Point Harbor, Dana Point, CA"
87ba166b,San Clemente Pier,CA,Southern California,Orange,"San Clemente Pier, San Clemente, CA",,Fun beachbreak; good on S swell.,,,"San Clemente Pier surf, San Clemente, CA",33.418684489340315,-117.62182934423167,"San Clemente Pier, San Clemente, CA"
f7f73fd3,T-Street,CA,Southern California,Orange,"T-Street Beach, San Clemente, CA",,Peaky; can be hollow.,,,"T-Street Beach surf, San Clemente, CA",33.416223,-117.6175910693207,"T-Street Beach, San Clemente, CA"
39bc8c92,204s (San Clemente),CA,Southern California,Orange,"204s, San Clemente, CA",,Reef/sand; advanced sections.,,,"204s surf, San Clemente, CA",33.4270275,-117.6124179,"204s, San Clemente, CA"
1f6aba2b,Cottons Point,CA,Southern California,Orange,"Cottons, San Clemente, CA",,Right reef; best on S swell; crowds.,,,"Cottons surf, San Clemente, CA",33.4270275,-117.6124179,"Cottons, San Clemente, CA"
c6b5f52f,Uppers (Trestles),CA,Southern California,Orange,"Upper Trestles, San Clemente, CA",,High-performance peaks; consistent.,,,"Upper Trestles surf, San Clemente, CA",33.4270275,-117.6124179,"Upper Trestles, San Clemente, CA"
3c6229c9,Middles (Trestles),CA,Southern California,Orange,"Middle Trestles, San Clemente, CA",,A-frame peaks; very popular.,,,"Middle Trestles surf, San Clemente, CA",33.4270275,-117.6124179,"Middle Trestles, San Clemente, CA"
7a04f7b3,Lowers (Trestles),CA,Southern California,Orange,"Lower Trestles, San Clemente, CA",,World-class; high-performance; crowds.,,,"Lower Trestles surf, San Clemente, CA",33.4270275,-117.6124179,"Lower Trestles, San Clemente, CA"
1e84978b,Church (San Onofre),CA,Southern California,Orange,"Church, San Clemente, CA",,Reef/point; longboard friendly.,,,"Church surf, San Clemente, CA",33.415186000000006,-117.59818076596324,"Church, San Clemente, CA"
a4dc01a1,Old Man's (San Onofre),CA,Southern California,Orange,"San Onofre State Beach, San Clemente, CA",,Mellow longboard point; very popular.,,,"San Onofre State Beach surf, San Clemente, CA",33.4224773,-117.58074007798704,"San Onofre State Beach, San Clemente, CA"
c8361355,Trails,CA,Southern California,Orange,"Trails San Onofre, San Clemente, CA",,More powerful than Old Man's; reef/sand.,,,"Trails San Onofre surf, San Clemente, CA",33.4270275,-117.6124179,"Trails San Onofre, San Clemente, CA"
20f6ef3f,San Mateo Point,CA,Southern California,Orange,"San Mateo Point, San Clemente, CA",,Reef; best on S swell; variable.,,,"San Mateo Point surf, San Clemente, CA",33.38822235,-117.59652906745951,"San Mateo Point, San Clemente, CA"
4c07dfbd,Oceanside Harbor,CA,Southern California,San Diego,"Oceanside Harbor, Oceanside, CA",,Jetty waves; good on NW; crowds.,,,"Oceanside Harbor surf, Oceanside, CA",33.2078136,-117.3950394,"Oceanside Harbor, Oceanside, CA"
86c3eede,Oceanside Pier,CA,Southern California,San Diego,"Oceanside Pier, Oceanside, CA",,Beachbreak peaks; can be good on S/NW.,,,"Oceanside Pier surf, Oceanside, CA",33.194170407398445,-117.38463740261344,"Oceanside Pier, Oceanside, CA"
6823fe04,Tamarack,CA,Southern California,San Diego,"Tamarack Beach, Carlsbad, CA",,Peaky beachbreak; sandbars.,,,"Tamarack Beach surf, Carlsbad, CA",33.15064649999999,-117.34852227971018,"Tamarack Beach, Carlsbad, CA"
8e6b5e08,Terra Mar,CA,Southern California,San Diego,"Terra Mar Point, Carlsbad, CA",,Reef/point; better on S swell.,,,"Terra Mar Point surf, Carlsbad, CA",33.121741,-117.288417,"Terra Mar Point, Carlsbad, CA"
5243aacd,Ponto,CA,Southern California,San Diego,"Ponto Beach, Carlsbad, CA",,Beachbreak; wind sensitive.,,,"Ponto Beach surf, Carlsbad, CA",33.108199,-117.320741,"Ponto Beach, Carlsbad, CA"
3c5c98f0,Beacons,CA,Southern California,San Diego,"Beacons Beach, Encinitas, CA",,Peaky; consistent on swell.,,,"Beacons Beach surf, Encinitas, CA",33.044393,-117.284343,"Beacons Beach, Encinitas, CA"
665aa6f9,Grandview,CA,Southern California,San Diego,"Grandview Beach, Encinitas, CA",,Beachbreak/reef; can be punchy.,,,"Grandview Beach surf, Encinitas, CA",33.0794006,-117.31113919817423,"Grandview Beach, Encinitas, CA"
add019de,Swami's,CA,Southern California,San Diego,"Swamis, Encinitas, CA",,Classic reef point; best on W/NW.,,,"Swamis surf, Encinitas, CA",33.035020200000005,-117.29187510763158,"Swamis, Encinitas, CA"
b868f676,D Street (Encinitas),CA,Southern California,San Diego,"D Street beach, Encinitas, CA",,Peaky beachbreak.,,,"D Street beach surf, Encinitas, CA",33.046306,-117.290691,"D Street beach, Encinitas, CA"
a104ee6e,Cardiff Reef,CA,Southern California,San Diego,"Cardiff Reef, Cardiff-by-the-Sea, CA",,Reef; long right; tide sensitive.,,,"Cardiff Reef surf, Cardiff-by-the-Sea, CA",33.0220155,-117.2803463,"Cardiff Reef, Cardiff-by-the-Sea, CA"
575cb5ba,Seaside Reef,CA,Southern California,San Diego,"Seaside Reef, Solana Beach, CA",,Reef; can be hollow; local.,,,"Seaside Reef surf, Solana Beach, CA",32.9919141,-117.2678124,"Seaside Reef, Solana Beach, CA"
5cc25142,Del Mar,CA,Southern California,San Diego,"Del Mar Beach, Del Mar, CA",,Sandbars; fun on S swell.,,,"Del Mar Beach surf, Del Mar, CA",32.973039,-117.27013340390903,"Del Mar Beach, Del Mar, CA"
734761d2,Scripps Pier,CA,Southern California,San Diego,"Scripps Pier, San Diego, CA",,Consistent beachbreak; peaks.,,,"Scripps Pier surf, San Diego, CA",32.84814,-117.21697,"Scripps Pier, San Diego, CA"
218f45ef,Blacks Beach,CA,Southern California,San Diego,"Black's Beach, San Diego, CA",,Powerful; can be big; strong currents.,,,"Black's Beach surf, San Diego, CA",32.8997288,-117.25377601965121,"Black's Beach, San Diego, CA"
e0b3a12b,La Jolla Shores,CA,Southern California,San Diego,"La Jolla Shores, San Diego, CA",,Beginner-friendly; can be mushy.,,,"La Jolla Shores surf, San Diego, CA",32.8556028,-117.2536479,"La Jolla Shores, San Diego, CA"
4a222e81,Windansea,CA,Southern California,San Diego,"Windansea Beach, La Jolla, CA",,Reef; advanced; local etiquette.,,,"Windansea Beach surf, La Jolla, CA",32.8311587,-117.2811488,"Windansea Beach, La Jolla, CA"
76842681,PB Point,CA,Southern California,San Diego,"Pacific Beach Point, San Diego, CA",,Reef/point; good on S swell.,,,"Pacific Beach Point surf, San Diego, CA",32.795851,-117.23149,"Pacific Beach Point, San Diego, CA"
75a96b1d,Tourmaline,CA,Southern California,San Diego,"Tourmaline Park, San Diego, CA",,Longboard mellow; beginner-friendly.,,,"Tourmaline Surfing Park, San Diego, CA",32.805277,-117.2620173,"Tourmaline Park, San Diego, CA"
1cfd6bda,Sunset Cliffs,CA,Southern California,San Diego,"Sunset Cliffs, San Diego, CA",,Reef; multiple breaks; advanced sections.,,,"Sunset Cliffs surf, San Diego, CA",32.7305,-117.2532,"Sunset Cliffs, San Diego, CA"
8890e3fd,Ocean Beach Pier,CA,Southern California,San Diego,"Ocean Beach Pier, San Diego, CA",,Peaky; can be heavy on winter swell.,,,"Ocean Beach Pier surf, San Diego, CA",32.750072682032275,-117.25883331653287,"Ocean Beach Pier, San Diego, CA"
be35c09f,Imperial Beach Pier,CA,Southern California,San Diego,"Imperial Beach Pier, Imperial Beach, CA",,Beachbreak; wind sensitive.,,,"Imperial Beach Pier surf, Imperial Beach, CA",32.5797428,-117.13239044597097,"Imperial Beach Pier, Imperial Beach, CA"
295e09c0,Coronado (North Beach),CA,Southern California,San Diego,"Coronado Beach, Coronado, CA",,Peaky sandbars; variable.,,,"Coronado Beach surf, Coronado, CA",32.6831259,-117.18586985753237,"Coronado Beach, Coronado, CA"
0f1b972b,Steamer Lane,CA,West Coast,,"Steamer Lane, Santa Cruz, CA",,World-class point/reef; best on NW swell.,,,"Steamer Lane surf, Santa Cruz, CA",36.95384,-122.02413,"Steamer Lane, Santa Cruz, CA"
6f2f9c4e,Pleasure Point,CA,West Coast,,"Pleasure Point, Santa Cruz, CA",,Reef; crowded; great on S and W swells.,,,"Pleasure Point surf, Santa Cruz, CA",36.9607842,-121.964126,"Pleasure Point, Santa Cruz, CA"
f77c0de9,The Hook,CA,West Coast,,"The Hook, Santa Cruz, CA",,Reef; good long right; locals.,,,"The Hook surf, Santa Cruz, CA",36.9743626,-122.0294673,"The Hook, Santa Cruz, CA"
fc869afb,Cowell's,CA,West Coast,,"Cowells, Santa Cruz, CA",,Beginner/longboard; very mellow.,,,"Cowells surf, Santa Cruz, CA",36.9570189,-122.02529734513274,"Cowells, Santa Cruz, CA"
c1ac0b15,Manresa State Beach,CA,West Coast,,"Manresa State Beach, Watsonville, CA",,Beachbreak; consistent; handles size.,,,"Manresa State Beach surf, Watsonville, CA",36.9092773,-121.7529071,"Manresa State Beach, Watsonville, CA"
3f61baf3,Moss Landing,CA,West Coast,,"Moss Landing, Moss Landing, CA",,"Sandbar/river mouth; can be good, shifting.",,,"Moss Landing surf, Moss Landing, CA",36.796303003,-121.785968484,"Moss Landing, Moss Landing, CA"
6a0907c4,Mavericks,CA,West Coast,,"Mavericks spot, Half Moon Bay, CA",,Big wave; experts only.,,,"Mavericks surf spot, Half Moon Bay, CA",37.4635519,-122.428586,"Mavericks spot, Half Moon Bay, CA"
6966094f,Ocean Beach (San Francisco),CA,West Coast,,"Ocean Beach, San Francisco, CA",,Heavy beachbreak; strong currents.,,,"Ocean Beach surf, San Francisco, CA",32.7448067,-117.2476067,"Ocean Beach, San Francisco, CA"
0cd62273,Linda Mar (Pacifica),CA,West Coast,,"Linda Mar State Beach, Pacifica, CA",,Most consistent near SF; beginner friendly.,,,"Linda Mar State Beach surf, Pacifica, CA",37.5980374,-122.4995234,"Linda Mar State Beach, Pacifica, CA"
f800c63f,Montara,CA,West Coast,,"Montara State Beach, Montara, CA",,Powerful beachbreak; handles swell.,,,"Montara State Beach surf, Montara, CA",37.539831899999996,-122.51827712565378,"Montara State Beach, Montara, CA"
d6fbe884,Bolinas,CA,West Coast,,"Bolinas, Bolinas, CA",,Mellow; wind sensitive.,,,"Bolinas surf, Bolinas, CA",37.9093702,-122.6863733,"Bolinas, Bolinas, CA"
00ce02c0,Stinson Beach,CA,West Coast,,"Stinson Beach, Stinson Beach, CA",,Beachbreak; can be fun on W swell.,,,"Stinson Beach surf, Stinson Beach, CA",37.9008084,-122.6450801,"Stinson Beach, Stinson Beach, CA"
b27f93bc,Dillon Beach,CA,West Coast,,"Dillon Beach, Dillon Beach, CA",,Peaky beachbreak; can be windy.,,,"Dillon Beach surf, Dillon Beach, CA",38.2507515,-122.9652768,"Dillon Beach, Dillon Beach, CA"
04c48f7d,Santa Cruz Island (Arch Rock),CA,West Coast,,"Arch Rock, Santa Cruz Island, CA",,Remote; conditions vary; boat access.,,,"Arch Rock surf, Santa Cruz Island, CA",36.7014631,-118.755997,"Arch Rock, Santa Cruz Island, CA"
8f570e0b,Morro Bay Harbor Entrance,CA,West Coast,,"Morro Bay, Morro Bay, CA",,Sandbars; can be good on W swell.,,,"Morro Bay surf, Morro Bay, CA",35.3658075,-120.849901,"Morro Bay, Morro Bay, CA"
1c8357ef,Pismo Beach,CA,West Coast,,"Pismo Beach, Pismo Beach, CA",,Beachbreak; variable with sand.,,,"Pismo Beach surf, Pismo Beach, CA",35.1427436,-120.641288,"Pismo Beach, Pismo Beach, CA"
c4e7c8f5,Cayucos Pier,CA,West Coast,,"Cayucos Pier, Cayucos, CA",,Fun beachbreak; handles swell.,,,"Cayucos Pier surf, Cayucos, CA",35.452533,-120.901153,"Cayucos Pier, Cayucos, CA"
63b2e06b,Short Sand / Oswald West,OR,Pacific Northwest,,"Short Sand Beach, Oswald West State Park, OR",,Reliable; heavy currents; wetsuit.,,,"Short Sand Beach surf, Oswald West State Park, OR",43.928744,-124.101669,"Short Sand Beach, Oswald West State Park, OR"
192f0ac1,Cannon Beach,OR,Pacific Northwest,,"Cannon Beach, Cannon Beach, OR",,Beachbreak; can be powerful.,,,"Cannon Beach surf, Cannon Beach, OR",45.87485995,-123.96261106065944,"Cannon Beach, Cannon Beach, OR"
d8807238,Seaside Point,OR,Pacific Northwest,,"Seaside Point, Seaside, OR",,Jetty/point; best on NW.,,,"Seaside Point surf, Seaside, OR",46.014077,-123.910002,"Seaside Point, Seaside, OR"
aa426d03,Nelscott Reef,OR,Pacific Northwest,,"Nelscott Reef, Lincoln City, OR",,Big wave; experts only.,,,"Nelscott Reef surf, Lincoln City, OR",44.958567,-124.034433,"Nelscott Reef, Lincoln City, OR"
60f340b0,Otter Rock,OR,Pacific Northwest,,"Otter Rock, Otter Rock, OR",,Beginner-friendly in protected cove.,,,"Otter Rock surf, Otter Rock, OR",44.7471855,-124.0603622,"Otter Rock, Otter Rock, OR"
90e1c46f,Pacific City / Cape Kiwanda,OR,Pacific Northwest,,"Cape Kiwanda, Pacific City, OR",,Sandbars; can be good on swell.,,,"Cape Kiwanda surf, Pacific City, OR",45.2157651,-123.9710391,"Cape Kiwanda, Pacific City, OR"
36854cf0,Westport (The Groins),WA,Pacific Northwest,,"Westport, Westport, WA",,Best-known WA surf area; jetties.,,,"Westport surf, Westport, WA",46.889789,-124.110419,"Westport, Westport, WA"
02c4d1c5,La Push (First Beach),WA,Pacific Northwest,,"First Beach, La Push, WA",,Remote; can be good; check swell/wind.,,,"First Beach surf, La Push, WA",47.902154249999995,-124.63131960477722,"First Beach, La Push, WA"
11f841c6,Ocean Shores,WA,Pacific Northwest,,"Ocean Shores, Ocean Shores, WA",,Beachbreak; wind sensitive.,,,"Ocean Shores surf, Ocean Shores, WA",46.9598134,-124.17525246507121,"Ocean Shores, Ocean Shores, WA"
d4d9c2db,Yakutat (Cannon Beach),AK,Alaska,,"Yakutat Cannon Beach, Yakutat, AK",,Cold-water surf; remote logistics.,,,"Yakutat Cannon Beach surf, Yakutat, AK",59.4923405,-139.7276616,"Yakutat Cannon Beach, Yakutat, AK"
43769002,Pipeline,HI,Hawaii,,"Banzai Pipeline, Ehukai Beach Park, Oahu, HI",,Heavy reef; experts only.,,,"Banzai Pipeline surf, Ehukai Beach Park, Oahu, HI",21.664825,-158.050801,"Banzai Pipeline, Ehukai Beach Park, Oahu, HI"
25f362eb,Backdoor,HI,Hawaii,,"Backdoor Pipeline, Oahu, HI",,Heavy barreling reef.,,,"Backdoor Pipeline surf, Oahu, HI",21.2160437,-157.975203,"Oahu, HI"
fb05c59d,Sunset Beach,HI,Hawaii,,"Sunset Beach, Oahu, HI",,Powerful; big winter swell.,,,"Sunset Beach surf, Oahu, HI",21.6718715,-158.04039,"Sunset Beach, Oahu, HI"
062f138d,Waimea Bay,HI,Hawaii,,"Waimea Bay, Oahu, HI",,Big wave; winter only; experts.,,,"Waimea Bay surf, Oahu, HI",21.641372,-158.0668365,"Waimea Bay, Oahu, HI"
aff05035,Haleiwa Alii Beach,HI,Hawaii,,"Alii Beach, Haleiwa, HI",,Fun peaks; handles size.,,,"Alii Beach surf, Haleiwa, HI",21.5943289,-158.10772072822726,"Alii Beach, Haleiwa, HI"
74262da4,Rocky Point,HI,Hawaii,,"Rocky Point, Oahu, HI",,Hollow reef; advanced.,,,"Rocky Point surf, Oahu, HI",21.6703016,-158.0466884,"Rocky Point, Oahu, HI"
952e320d,Ala Moana Bowls,HI,Hawaii,,"Ala Moana Bowls, Honolulu, HI",,Fast reef; advanced.,,,"Ala Moana Bowls surf, Honolulu, HI",21.280355,-157.844475,"Ala Moana Bowls, Honolulu, HI"
f681d332,Queens,HI,Hawaii,,"Queens spot, Waikiki, Honolulu, HI",,Beginner/longboard.,,,"Queens surf spot, Waikiki, Honolulu, HI",21.304547,-157.855676,"Queens spot, Waikiki, Honolulu, HI"
cc5d22fe,Canoes,HI,Hawaii,,"Canoes spot, Waikiki, Honolulu, HI",,Beginner friendly; crowded.,,,"Canoes surf spot, Waikiki, Honolulu, HI",21.304547,-157.855676,"Canoes spot, Waikiki, Honolulu, HI"
348b340c,Diamond Head,HI,Hawaii,,"Diamond Head, Honolulu, HI",,Longboard to shortboard depending swell.,,,"Diamond Head surf, Honolulu, HI",21.2597515,-157.8116771,"Diamond Head, Honolulu, HI"
1a4542ce,Makaha,HI,Hawaii,,"Makaha, Waianae, Oahu, HI",,Powerful; best on W swells.,,,"Makaha surf, Waianae, Oahu, HI",21.4620748,-158.21254681315517,"Makaha, Waianae, Oahu, HI"
96ed22ff,Sandy Beach,HI,Hawaii,,"Sandy Beach, Oahu, HI",,Dangerous shorebreak; bodyboarding heavy.,,,"Sandy Beach surf, Oahu, HI",21.2852142,-157.6740780937729,"Sandy Beach, Oahu, HI"
0ed2f998,Honolua Bay,HI,Hawaii,,"Honolua Bay, Maui, HI",,World-class; best in winter; reef/point.,,,"Honolua Bay surf, Maui, HI",21.0146954,-156.6394964,"Honolua Bay, Maui, HI"
61305b1c,Jaws (Peahi),HI,Hawaii,,"Peahi Jaws, Maui, HI",,Big wave; tow/experts.,,,"Peahi Jaws surf, Maui, HI",20.91667,-156.28333,"Peahi Jaws, Maui, HI"
8d0f7317,Ho'okipa,HI,Hawaii,,"Ho'okipa Beach, Paia, Maui, HI",,Windy; powerful; experts.,,,"Ho'okipa Beach surf, Paia, Maui, HI",20.902457,-156.3727211,"Ho'okipa Beach, Paia, Maui, HI"
0aaa2d58,Kaanapali,HI,Hawaii,,"Kaanapali, Lahaina, Maui, HI",,Mellow reef breaks.,,,"Kaanapali surf, Lahaina, Maui, HI",20.9114,-156.6893,"Kaanapali, Lahaina, Maui, HI"
d384cfe0,Hapuna Beach,HI,Hawaii,,"Hapuna Beach, Big Island, HI",,Beachbreak; seasonal.,,,"Hapuna Beach surf, Big Island, HI",42.918402,-71.789791,"Hapuna Beach, Big Island, HI"
d80158d7,Pine Trees,HI,Hawaii,,"Pine Trees, Kailua-Kona, HI",,Reef; fun right; locals.,,,"Pine Trees surf, Kailua-Kona, HI",19.6950942,-156.0446542,"Pine Trees, Kailua-Kona, HI"
76621023,Poipu,HI,Hawaii,,"Poipu, Koloa, Kauai, HI",,Beginner to intermediate depending.,,,"Poipu surf, Koloa, Kauai, HI",21.8766526,-159.4539141,"Poipu, Koloa, Kauai, HI"
a8c05479,Hanalei Bay,HI,Hawaii,,"Hanalei Bay, Hanalei, Kauai, HI",,Variety; winter surf.,,,"Hanalei Bay surf, Hanalei, Kauai, HI",22.21,-159.5091667,"Hanalei Bay, Hanalei, Kauai, HI"
d6791950,Surfside Jetty Park,TX,Gulf Coast,,"Surfside Beach Jetty Park, Surfside Beach, TX",,Best TX surf near jetties.,,,"Surfside Beach Jetty Park surf, Surfside Beach, TX",28.939101,-95.29665,"Surfside Beach Jetty Park, Surfside Beach, TX"
66379118,Galveston (Stewart Beach),TX,Gulf Coast,,"Stewart Beach, Galveston, TX",,Wind dependent; small surf.,,,"Stewart Beach surf, Galveston, TX",29.3066332,-94.76717214573412,"Stewart Beach, Galveston, TX"
4ef7d180,Port Aransas,TX,Gulf Coast,,"Port Aransas, Port Aransas, TX",,Best with tropical swell; jetties help.,,,"Port Aransas surf, Port Aransas, TX",27.8332175,-97.0618324,"Port Aransas, Port Aransas, TX"
6da251ae,South Padre Island,TX,Gulf Coast,,"South Padre Island, South Padre Island, TX",,Best in fall/winter fronts or tropical.,,,"South Padre Island surf, South Padre Island, TX",26.1036887,-97.1646938,"South Padre Island, South Padre Island, TX"
6be308d8,Grand Isle,LA/AL/MS,Gulf Coast,,"Grand Isle, Grand Isle, LA",,Rare; best with tropical systems.,,,"Grand Isle surf, Grand Isle, LA",29.2407838,-89.9881276,"Grand Isle, Grand Isle, LA"
a0bee51f,Dauphin Island,LA/AL/MS,Gulf Coast,,"Dauphin Island, Dauphin Island, AL",,Small; best with storms.,,,"Dauphin Island surf, Dauphin Island, AL",30.245727,-88.10125138076268,"Dauphin Island, Dauphin Island, AL"
116aa9c2,Gulfport,LA/AL/MS,Gulf Coast,,"Gulfport, Gulfport, MS",,Occasional; storm-driven.,,,"Gulfport surf, Gulfport, MS",30.3674198,-89.0928155,"Gulfport, Gulfport, MS"
901c310c,Jacksonville Beach Pier,FL,Florida,,"Jacksonville Beach Pier, Jacksonville Beach, FL",,Consistent East Coast beachbreak.,,,"Jacksonville Beach Pier surf, Jacksonville Beach, FL",30.293567901859255,-81.38770636272727,"Jacksonville Beach Pier, Jacksonville Beach, FL"
cabcc120,St. Augustine Pier,FL,Florida,,"St Augustine Pier, St Augustine, FL",,Good sandbars; crowds.,,,"St Augustine Pier surf, St Augustine, FL",29.857196199999997,-81.26544671661618,"St Augustine Pier, St Augustine, FL"
5dfaab11,Cocoa Beach Pier,FL,Florida,,"Cocoa Beach Pier, Cocoa Beach, FL",,Classic; small-to-medium surf.,,,"Cocoa Beach Pier surf, Cocoa Beach, FL",28.36775075,-80.60179673258794,"Cocoa Beach Pier, Cocoa Beach, FL"
3852c912,Sebastian Inlet,FL,Florida,,"Sebastian Inlet, Sebastian, FL",,Quality; long right/left; tide critical.,,,"Sebastian Inlet surf, Sebastian, FL",27.777899,-80.481299,"Sebastian Inlet, Sebastian, FL"
4e021d72,Ft. Pierce Inlet,FL,Florida,,"Fort Pierce Inlet, Fort Pierce, FL",,Good on swell; tide/ wind.,,,"Fort Pierce Inlet surf, Fort Pierce, FL",27.466959403789094,-80.30485513902927,"Fort Pierce Inlet, Fort Pierce, FL"
2c70c7eb,Reef Road,FL,Florida,,"Reef Road, Palm Beach, FL",,Powerful; can be heavy.,,,"Reef Road surf, Palm Beach, FL",26.763603830377377,-80.03904858813065,"Reef Road, Palm Beach, FL"
da2e8d7d,Juno Pier,FL,Florida,,"Juno Beach Pier, Juno Beach, FL",,Fun peaks; consistent.,,,"Juno Beach Pier surf, Juno Beach, FL",26.893343,-80.055699,"Juno Beach Pier, Juno Beach, FL"
3891a0d7,Pompano Beach,FL,Florida,,"Pompano Beach, Pompano Beach, FL",,Wind/tide dependent.,,,"Pompano Beach surf, Pompano Beach, FL",26.2722545,-80.1348216,"Pompano Beach, Pompano Beach, FL"
0c12abd7,Haulover,FL,Florida,,"Haulover Beach, Miami, FL",,Best Miami-area option; limited.,,,"Haulover Beach surf, Miami, FL",25.92074375,-80.12116591079075,"Haulover Beach, Miami, FL"
9f8057a0,South Beach,FL,Florida,,"South Beach, Miami Beach, FL",,Occasional; storm swell.,,,"South Beach surf, Miami Beach, FL",25.7929198,-80.1353006,"South Beach, Miami Beach, FL"
e7bdf1c0,Flagler Beach Pier,FL,Florida,,"Flagler Beach Pier, Flagler Beach, FL",,Peaky; sandbars.,,,"Flagler Beach Pier surf, Flagler Beach, FL",29.479927,-81.126166,"Flagler Beach Pier, Flagler Beach, FL"
eea06e3b,New Smyrna Beach (Inlet),FL,Florida,,"New Smyrna Beach Inlet, New Smyrna Beach, FL",,Very consistent; watch sharks.,,,"New Smyrna Beach Inlet surf, New Smyrna Beach, FL",29.0288744,-80.8894974,"New Smyrna Beach Inlet, New Smyrna Beach, FL"
c1e23a29,Pensacola Beach,FL,Florida,,"Pensacola Beach, Pensacola, FL",,Gulf; best with storms/fronts.,,,"Pensacola Beach surf, Pensacola, FL",30.4753801,-87.1929654,"Pensacola Beach, Pensacola, FL"
db131e20,Panama City Beach,FL,Florida,,"Panama City Beach, Panama City Beach, FL",,Gulf; variable.,,,"Panama City Beach surf, Panama City Beach, FL",30.17901755,-85.79966099618763,"Panama City Beach, Panama City Beach, FL"
4a53e4c8,Tybee Island,Various (East),East Coast,,"Tybee Island, Tybee Island, GA",,Small; best with storms.,,,"Tybee Island surf, Tybee Island, GA",31.9987321,-80.8469427,"Tybee Island, Tybee Island, GA"
5ab90c30,Folly Beach Pier,Various (East),East Coast,,"Folly Beach Pier, Folly Beach, SC",,SC classic; consistent.,,,"Folly Beach Pier surf, Folly Beach, SC",32.6549715,-79.93964234516264,"Folly Beach Pier, Folly Beach, SC"
ab91d654,Isle of Palms,Various (East),East Coast,,"Isle of Palms, Isle of Palms, SC",,Peaky sandbars.,,,"Isle of Palms surf, Isle of Palms, SC",32.789329,-79.788367,"Isle of Palms, Isle of Palms, SC"
ef5def68,Wrightsville Beach,Various (East),East Coast,,"Wrightsville Beach, Wrightsville Beach, NC",,Consistent beachbreak.,,,"Wrightsville Beach surf, Wrightsville Beach, NC",34.214608299999995,-77.80383674289425,"Wrightsville Beach, Wrightsville Beach, NC"
ec1d7656,Carolina Beach,Various (East),East Coast,,"Carolina Beach, Carolina Beach, NC",,Peaky; good sandbars.,,,"Carolina Beach surf, Carolina Beach, NC",34.0351727,-77.8935966,"Carolina Beach, Carolina Beach, NC"
724f0bb4,Outer Banks (Cape Hatteras),Various (East),East Coast,,"Cape Hatteras, Buxton, NC",,World-class; shifting sandbars.,,,"Cape Hatteras surf, Buxton, NC",35.259479,-75.521932,"Cape Hatteras, Buxton, NC"
57ecd65f,Outer Banks (Nags Head),Various (East),East Coast,,"Nags Head, Nags Head, NC",,Consistent; many peaks.,,,"Nags Head surf, Nags Head, NC",35.955500150000006,-75.62612955784897,"Nags Head, Nags Head, NC"
ee581d72,Outer Banks (Rodanthe),Various (East),East Coast,,"Rodanthe, Rodanthe, NC",,Peaky; great on swell.,,,"Rodanthe surf, Rodanthe, NC",35.5934472,-75.4678084,"Rodanthe, Rodanthe, NC"
27d1756b,Virginia Beach,Various (East),East Coast,,"Virginia Beach, Virginia Beach, VA",,Best VA option; wind sensitive.,,,"Virginia Beach surf, Virginia Beach, VA",36.766270899999995,-76.08829768003952,"Virginia Beach, Virginia Beach, VA"
3d8dbfe6,Ocean City Inlet,Various (East),East Coast,,"Ocean City Inlet, Ocean City, MD",,Quality when swell hits.,,,"Ocean City Inlet surf, Ocean City, MD",38.32627775,-75.09621764637399,"Ocean City Inlet, Ocean City, MD"
31b2e45e,Rehoboth / Dewey,Various (East),East Coast,,"Dewey Beach, Dewey Beach, DE",,Small; best with storms.,,,"Dewey Beach surf, Dewey Beach, DE",38.691184,-75.0752724,"Dewey Beach, Dewey Beach, DE"
72c02afa,Atlantic City,Various (East),East Coast,,"Atlantic City, Atlantic City, NJ",,Peaky; sandbars.,,,"Atlantic City surf, Atlantic City, NJ",39.3629978,-74.4404394,"Atlantic City, Atlantic City, NJ"
cf49709e,Manasquan Inlet,Various (East),East Coast,,"Manasquan Inlet, Manasquan, NJ",,Reliable; jetties; crowded.,,,"Manasquan Inlet surf, Manasquan, NJ",40.1026203,-74.0344852,"Manasquan Inlet, Manasquan, NJ"
276b56b8,Belmar,Various (East),East Coast,,"Belmar, Belmar, NJ",,Peaky; sandbars.,,,"Belmar surf, Belmar, NJ",40.1784471,-74.0218037,"Belmar, Belmar, NJ"
cb4f3a2b,Montauk,Various (East),East Coast,,"Montauk, Montauk, NY",,Quality; many breaks; can be heavy.,,,"Montauk surf, Montauk, NY",41.031142944,-71.951720968,"Montauk, Montauk, NY"
3a18cb25,Rockaway,Various (East),East Coast,,"Rockaway Beach, Queens, NY",,City surf; best on swell + winds.,,,"Rockaway Beach surf, Queens, NY",40.7135078,-73.8283132,"Rockaway Beach, Queens, NY"
5c3ffaac,Long Beach,Various (East),East Coast,,"Long Beach, Long Beach, NY",,Peaky beachbreak.,,,"Long Beach surf, Long Beach, NY",40.5885508,-73.6582631,"Long Beach, Long Beach, NY"
7d6f87a4,Narragansett (Town Beach),Various (East),East Coast,,"Narragansett Town Beach, Narragansett, RI",,NE classic; consistent.,,,"Narragansett Town Beach surf, Narragansett, RI",41.4363977,-71.45336701469137,"Narragansett Town Beach, Narragansett, RI"
2a79549a,Newport (First Beach),Various (East),East Coast,,"Easton's Beach, Newport, RI",,Beachbreak; works on swell.,,,"Easton's Beach surf, Newport, RI",41.487307200000004,-71.29281966772578,"Easton's Beach, Newport, RI"
9e099bc1,Hampton Beach,Various (East),East Coast,,"Hampton Beach, Hampton, NH",,NE beachbreak; cold water.,,,"Hampton Beach surf, Hampton, NH",42.90891995,-70.8096493622846,"Hampton Beach, Hampton, NH"
a7955aec,The Wall (NH),Various (East),East Coast,,"The Wall, Rye, NH",,Reef; good on swell.,,,"The Wall surf, Rye, NH",43.0120186,-70.7719426,"The Wall, Rye, NH"
6562d314,Nauset Beach,Various (East),East Coast,,"Nauset Beach, Orleans, MA",,Cape Cod classic; powerful.,,,"Nauset Beach surf, Orleans, MA",41.7870635,-69.9358518,"Nauset Beach, Orleans, MA"
77406136,Marconi Beach,Various (East),East Coast,,"Marconi Beach, Wellfleet, MA",,Cape Cod; strong currents.,,,"Marconi Beach surf, Wellfleet, MA",41.8910565,-69.9614174,"Marconi Beach, Wellfleet, MA"
93e6d530,Cape Ann (Good Harbor),Various (East),East Coast,,"Good Harbor Beach, Gloucester, MA",,Seasonal; cold water.,,,"Good Harbor Beach surf, Gloucester, MA",42.6195399,-70.6314324,"Good Harbor Beach, Gloucester, MA"
d955e76e,New Jersey (Long Beach Island),Various (East),East Coast,,"Long Beach Island, NJ",,Many peaks; sandbars.,,,"Long Beach Island surf, NJ",40.0757384,-74.4041622,"Long Beach Island, NJ"
4b15c41e,Rhode Island (Ruggles),Various (East),East Coast,,"Ruggles, Newport, RI",,Reef; heavy; advanced.,,,"Ruggles surf, Newport, RI",41.467219815610186,-71.31444964526895,"Ruggles, Newport, RI"
85cdabe3,Sheboygan,Great Lakes,Inland / Great Lakes,,"Sheboygan, Sheboygan, WI",,Freshwater surf; best in fall/winter winds.,,,"Sheboygan surf, Sheboygan, WI",43.748569722547046,-87.72733252683551,"Sheboygan, Sheboygan, WI"
90981280,Duluth (Park Point),Great Lakes,Inland / Great Lakes,,"Park Point, Duluth, MN",,Freshwater; storm-driven.,,,"Park Point surf, Duluth, MN",46.7317112,-92.0527914,"Park Point, Duluth, MN"
4378c60c,Chicago (Montrose),Great Lakes,Inland / Great Lakes,,"Montrose Beach, Chicago, IL",,Freshwater; wind swell.,,,"Montrose Beach surf, Chicago, IL",41.96611625,-87.63541895869659,"Montrose Beach, Chicago, IL"
e75a97ec,Jalama Beach,CA,Southern California,Santa Barbara,"Jalama Beach, Lompoc, CA",,Exposed; powerful; can be windy.,,,"Jalama Beach surf, Lompoc, CA",34.50872,-120.500663,"Jalama Beach, Lompoc, CA"
8a8d7410,Refugio State Beach,CA,Southern California,Santa Barbara,"Refugio State Beach, Goleta, CA",,Protected; mellow; best on W swell.,,,"Refugio State Beach surf, Goleta, CA",34.4358295,-119.8276389,"Refugio State Beach, Goleta, CA"
503b4730,El Capitan State Beach,CA,Southern California,Santa Barbara,"El Capitan State Beach, Goleta, CA",,Varied peaks; wind sensitive.,,,"El Capitan State Beach surf, Goleta, CA",34.4358295,-119.8276389,"El Capitan State Beach, Goleta, CA"
7531b246,Oil Piers,CA,Southern California,Santa Barbara,"Oil Piers, Summerland, CA",,Reef; long rights; tide/kelp.,,,"Oil Piers surf, Summerland, CA",34.4213845,-119.5965173,"Oil Piers, Summerland, CA"
1b33d47b,Butterfly Beach,CA,Southern California,Santa Barbara,"Butterfly Beach, Montecito, CA",,Mellow; best small-med.,,,"Butterfly Beach surf, Montecito, CA",34.41760105,-119.64900786405985,"Butterfly Beach, Montecito, CA"
6b3fd84a,Silver Strand,CA,Southern California,Ventura,"Silver Strand Beach, Oxnard, CA",,Beachbreak; can get punchy.,,,"Silver Strand Beach surf, Oxnard, CA",34.1976308,-119.180381,"Silver Strand Beach, Oxnard, CA"
2f1aca37,Hollywood Beach,CA,Southern California,Ventura,"Hollywood Beach, Oxnard, CA",,Peaky sandbars; good on NW.,,,"Hollywood Beach surf, Oxnard, CA",34.1659613,-119.23111427241909,"Hollywood Beach, Oxnard, CA"
703283da,Hueneme Jetty,CA,Southern California,Ventura,"Port Hueneme Jetty, Port Hueneme, CA",,Jetty peaks; good in winter.,,,"Port Hueneme Jetty surf, Port Hueneme, CA",34.145143250000004,-119.210017,"Port Hueneme Jetty, Port Hueneme, CA"
c7aa29e6,Oxnard Shores,CA,Southern California,Ventura,"Oxnard Shores, Oxnard, CA",,Sandbars; wind sensitive.,,,"Oxnard Shores surf, Oxnard, CA",34.197294122,-119.246484351,"Oxnard Shores, Oxnard, CA"
bd3b708f,Point Dume,CA,Southern California,Ventura,"Point Dume, Malibu, CA",,Point/reef; good on W/NW.,,,"Point Dume surf, Malibu, CA",34.001631,-118.8066756,"Point Dume, Malibu, CA"
99724bc6,County Line,CA,Southern California,Los Angeles,"County Line Beach, Malibu, CA",,Consistent; handles swell; crowds.,,,"County Line Beach surf, Malibu, CA",34.052325499999995,-118.96158245718172,"County Line Beach, Malibu, CA"
9e105c34,Latigo Point,CA,Southern California,Los Angeles,"Latigo Point, Malibu, CA",,Reef/point; can get hollow.,,,"Latigo Point surf, Malibu, CA",34.0263608,-118.7560898,"Latigo Point, Malibu, CA"
cd4f412e,Will Rogers,CA,Southern California,Los Angeles,"Will Rogers State Beach, Pacific Palisades, CA",,Beachbreak; wind sensitive.,,,"Will Rogers State Beach surf, Pacific Palisades, CA",34.03200925,-118.5290619914841,"Will Rogers State Beach, Pacific Palisades, CA"
533214d9,Dockweiler,CA,Southern California,Los Angeles,"Dockweiler State Beach, Playa del Rey, CA",,Beachbreak; can get peaky.,,,"Dockweiler State Beach surf, Playa del Rey, CA",33.9390837,-118.4404535226569,"Dockweiler State Beach, Playa del Rey, CA"
63a5173e,Torrance Beach,CA,Southern California,Los Angeles,"Torrance Beach, Torrance, CA",,Beachbreak; variable sand.,,,"Torrance Beach surf, Torrance, CA",33.80974595,-118.39248349515694,"Torrance Beach, Torrance, CA"
f4991403,Haggerty's,CA,Southern California,Los Angeles,"Haggerty's, Palos Verdes, CA",,Reef; advanced; locals.,,,"Haggerty's surf, Palos Verdes, CA",37.928359,-122.081814,"Haggerty's, Palos Verdes, CA"
45a44a2c,Indicators,CA,Southern California,Los Angeles,"Indicators, Rancho Palos Verdes, CA",,Reef; fast; advanced.,,,"Indicators surf, Rancho Palos Verdes, CA",33.7483311,-118.3707683,"Indicators, Rancho Palos Verdes, CA"
7f13c971,Cabrillo Beach,CA,Southern California,Los Angeles,"Cabrillo Beach, San Pedro, CA",,Sheltered; smaller; beginner-ish.,,,"Cabrillo Beach surf, San Pedro, CA",33.7239147,-118.28252045889882,"Cabrillo Beach, San Pedro, CA"
f1bf0f62,Seal Beach Pier,CA,Southern California,Orange,"Seal Beach Pier, Seal Beach, CA",,Fun peaks; consistent-ish.,,,"Seal Beach Pier surf, Seal Beach, CA",33.7362466,-118.1084854,"Seal Beach Pier, Seal Beach, CA"
808795e8,Blackies (Newport),CA,Southern California,Orange,"Blackies By the Sea, Newport Beach, CA",,Mellow; longboard-friendly.,,,"Blackies By the Sea surf, Newport Beach, CA",33.6170092,-117.9294401,"Blackies By the Sea, Newport Beach, CA"
f554325c,Newport Jetties,CA,Southern California,Orange,"Newport Beach jetty, Newport Beach, CA",,Punchy peaks near jetties.,,,"Newport Beach jetty surf, Newport Beach, CA",33.641945,-117.875202,"Newport Beach jetty, Newport Beach, CA"
30764399,Laguna Beach (Brooks St.),CA,Southern California,Orange,"Brooks Street, Laguna Beach, CA",,Reef; fun on S swell.,,,"Brooks Street surf, Laguna Beach, CA",33.534665173476526,-117.77395692759572,"Brooks Street, Laguna Beach, CA"
51ddc85a,Laguna Beach (Thalia),CA,Southern California,Orange,"Thalia Street, Laguna Beach, CA",,Reef; can be hollow.,,,"Thalia Street surf, Laguna Beach, CA",33.53803016750853,-117.7743353764181,"Thalia Street, Laguna Beach, CA"
4a4ef8df,Aliso Creek,CA,Southern California,Orange,"Aliso Beach, Laguna Beach, CA",,Reef/shorebreak; powerful.,,,"Aliso Beach surf, Laguna Beach, CA",33.5087615,-117.7513815298135,"Aliso Beach, Laguna Beach, CA"
debdda2f,Thousand Steps,CA,Southern California,Orange,"1000 Steps Beach, Laguna Beach, CA",,Reef; advanced; tide sensitive.,,,"1000 Steps Beach surf, Laguna Beach, CA",33.5426975,-117.785366,"1000 Steps Beach, Laguna Beach, CA"
33129657,San Clemente (Leslie's),CA,Southern California,Orange,"Leslies, San Clemente, CA",,Reef; good on S swell.,,,"Leslies surf, San Clemente, CA",33.4270275,-117.6124179,"Leslies, San Clemente, CA"
e4f41db7,San Clemente (146s),CA,Southern California,Orange,"146s, San Clemente, CA",,Reef; advanced sections.,,,"146s surf, San Clemente, CA",33.4270275,-117.6124179,"146s, San Clemente, CA"
4861224d,San Clemente (North of Pier),CA,Southern California,Orange,"Northside San Clemente Pier, San Clemente, CA",,Peaky sandbars.,,,"Northside San Clemente Pier surf, San Clemente, CA",33.418685,-117.62183,"Northside San Clemente Pier, San Clemente, CA"
02e194d2,Dana Point (Killer Dana),CA,Southern California,Orange,"Killer Dana, Dana Point, CA",,Harbor reef; can be good; access varies.,,,"Killer Dana surf, Dana Point, CA",33.465685,-117.699981,"Killer Dana, Dana Point, CA"
574d7e8c,Oceanside (South Jetty),CA,Southern California,San Diego,"Oceanside South Jetty, Oceanside, CA",,Jetty peaks; can be punchy.,,,"Oceanside South Jetty surf, Oceanside, CA",33.177063,-117.356362,"Oceanside South Jetty, Oceanside, CA"
0ce73350,Pipes (San Diego),CA,Southern California,San Diego,"Pipes, Cardiff-by-the-Sea, CA",,Reefy peaks near Cardiff; local.,,,"Pipes surf, Cardiff-by-the-Sea, CA",33.02171,-117.28115,"Pipes, Cardiff-by-the-Sea, CA"
a9eb456c,Moonlight Beach,CA,Southern California,San Diego,"Moonlight Beach, Encinitas, CA",,Beachbreak; good for all levels.,,,"Moonlight Beach surf, Encinitas, CA",33.04829905,-117.29512954958285,"Moonlight Beach, Encinitas, CA"
9ad7ae03,D Street (South),CA,Southern California,San Diego,"D Street, San Diego, CA",,Beachbreak; variable.,,,"D Street surf, San Diego, CA",32.64706278364439,-117.08667440952645,"D Street, San Diego, CA"
a1b06e16,South Mission Jetty,CA,Southern California,San Diego,"South Mission Jetty, San Diego, CA",,Jetty peaks; good on swell.,,,"South Mission Jetty surf, San Diego, CA",33.202385,-117.39278,"South Mission Jetty, San Diego, CA"
e4d0d552,Garbage / North OB,CA,Southern California,San Diego,"Garbage Beach, San Diego, CA",,Reef; can be heavy.,,,"Garbage Beach surf, San Diego, CA",32.7174202,-117.162772,"Garbage Beach, San Diego, CA"
3bf3f6d2,Bird Rock,CA,Southern California,San Diego,"Bird Rock, La Jolla, CA",,Reef; powerful; advanced.,,,"Bird Rock surf, La Jolla, CA",32.8401623,-117.2740777,"Bird Rock, La Jolla, CA"
03026d4b,Imperial Beach (South),CA,Southern California,San Diego,"South Imperial Beach, Imperial Beach, CA",,Peaks; wind sensitive.,,,"South Imperial Beach surf, Imperial Beach, CA",32.566557868,-117.126260144,"South Imperial Beach, Imperial Beach, CA"
9261b1ad,Fort Point,CA,West Coast,,"Fort Point, San Francisco, CA",,Protected; best on big W swell; tide critical.,,,"Fort Point surf, San Francisco, CA",37.8104864,-122.47688201092603,"Fort Point, San Francisco, CA"
44a07a12,Salmon Creek,CA,West Coast,,"Salmon Creek Beach, Sonoma County, CA",,Beachbreak; powerful.,,,"Salmon Creek Beach surf, Sonoma County, CA",38.31600033546492,-123.06353301759324,"Salmon Creek Beach, Sonoma County, CA"
c7ff3d3c,Bodega Bay,CA,West Coast,,"Bodega Bay, Bodega Bay, CA",,Windy; seasonal peaks.,,,"Bodega Bay surf, Bodega Bay, CA",38.3221437,-123.01547043531973,"Bodega Bay, Bodega Bay, CA"
ae3fc338,St. George Reef,CA,West Coast,,"St George Reef, Crescent City, CA",,Big wave region; cold; remote.,,,"St George Reef surf, Crescent City, CA",41.750422,-124.211913,"St George Reef, Crescent City, CA"
1a83fb36,South Beach (Trinidad),CA,West Coast,,"Trinidad South Beach, Trinidad, CA",,Beachbreak; fickle.,,,"Trinidad South Beach surf, Trinidad, CA",41.059291,-124.143125,"Trinidad South Beach, Trinidad, CA"
6097bd80,Arcata / Samoa,CA,West Coast,,"Samoa Beach, Arcata, CA",,Beachbreak; heavy; wind.,,,"Samoa Beach surf, Arcata, CA",40.866517,-124.08284,"Samoa Beach, Arcata, CA"
8286cded,Santa Rosa Island (Johnson's Lee),CA,West Coast,,"Johnson's Lee, Santa Rosa Island, CA",,Remote; boat/permit logistics.,,,"Johnson's Lee surf, Santa Rosa Island, CA",36.990545,-122.018465,"Johnson's Lee, Santa Rosa Island, CA"
a33bfb63,Santa Cruz (Four Mile),CA,West Coast,,"Four Mile, Santa Cruz, CA",,Reef; handles swell.,,,"Four Mile surf, Santa Cruz, CA",36.964771799999994,-122.1205630436848,"Four Mile, Santa Cruz, CA"
e33f990f,Santa Cruz (Waddell Creek),CA,West Coast,,"Waddell Creek, Davenport, CA",,Windy; great for kitesurf/windswell.,,,"Waddell Creek surf, Davenport, CA",37.0116166,-122.1919134,"Waddell Creek, Davenport, CA"
c678aad8,Half Moon Bay (Montara State?),CA,West Coast,,"Half Moon Bay, Half Moon Bay, CA",,Multiple breaks; winter swells.,,,"Half Moon Bay surf, Half Moon Bay, CA",37.4832744,-122.4719216,"Half Moon Bay, Half Moon Bay, CA"
4e225640,Agate Beach,OR,Pacific Northwest,,"Agate Beach, Newport, OR",,Beachbreak; consistent.,,,"Agate Beach surf, Newport, OR",44.661471750000004,-124.05968407982502,"Agate Beach, Newport, OR"
ac2724c6,Gleneden Beach,OR,Pacific Northwest,,"Gleneden Beach, Gleneden Beach, OR",,Beachbreak; storm surf.,,,"Gleneden Beach surf, Gleneden Beach, OR",44.8821987956778,-124.03190750550128,"Gleneden Beach, Gleneden Beach, OR"
50ac166a,Florence South Jetty,OR,Pacific Northwest,,"South Jetty, Florence, OR",,Jetty peaks; can be good.,,,"South Jetty surf, Florence, OR",44.0077335,-124.1329872,"South Jetty, Florence, OR"
2aa50bd5,Brookings,OR,Pacific Northwest,,"Brookings, Brookings, OR",,South coast; variable.,,,"Brookings surf, Brookings, OR",42.0521298,-124.2832868,"Brookings, Brookings, OR"
293f5777,Westport (Jetty),WA,Pacific Northwest,,"Westport Jetty, Westport, WA",,Jetty wave; better shape.,,,"Westport Jetty surf, Westport, WA",46.889789,-124.110419,"Westport Jetty, Westport, WA"
7c211ac2,Westport (Half Moon Bay),WA,Pacific Northwest,,"Half Moon Bay, Westport, WA",,Beachbreak; consistent.,,,"Half Moon Bay surf, Westport, WA",46.889789,-124.110419,"Half Moon Bay, Westport, WA"
f86641a7,Kalaloch,WA,Pacific Northwest,,"Kalaloch Beach, Olympic Peninsula, WA",,Remote; variable.,,,"Kalaloch Beach surf, Olympic Peninsula, WA",47.561456,-124.361211,"Kalaloch Beach, Olympic Peninsula, WA"
d9a8d282,Laniakea,HI,Hawaii,,"Laniakea, Oahu, HI",,North Shore reef; strong currents.,,,"Laniakea surf, Oahu, HI",19.6473494,-156.0102262,"Laniakea, Oahu, HI"
dad013c1,Chun's Reef,HI,Hawaii,,"Chuns Reef, Oahu, HI",,Friendly reef; longboard to shortboard.,,,"Chuns Reef surf, Oahu, HI",21.623293099999998,-158.08121754624077,"Chuns Reef, Oahu, HI"
ca7eafc1,Pupukea,HI,Hawaii,,"Pupukea, Oahu, HI",,Reef; can be hollow.,,,"Pupukea surf, Oahu, HI",21.6632045,-158.0566643022185,"Pupukea, Oahu, HI"
c8b382bd,Makapu'u,HI,Hawaii,,"Makapuu, Oahu, HI",,Shorebreak; best in winter.,,,"Makapuu surf, Oahu, HI",21.308278,-157.6529302,"Makapuu, Oahu, HI"
4084d5d7,Kaimana,HI,Hawaii,,"Kaimana Beach, Honolulu, HI",,Waikiki area; longboard waves.,,,"Kaimana Beach surf, Honolulu, HI",21.263636650000002,-157.82179879338145,"Kaimana Beach, Honolulu, HI"
2f0ce54d,Spreckelsville,HI,Hawaii,,"Spreckelsville, Maui, HI",,Wind; reef; advanced.,,,"Spreckelsville surf, Maui, HI",20.89694,-156.415,"Spreckelsville, Maui, HI"
b7d85543,Lahaina Harbor,HI,Hawaii,,"Lahaina Harbor, Maui, HI",,Small; reefs nearby.,,,"Lahaina Harbor surf, Maui, HI",20.8704351,-156.6780639577668,"Lahaina Harbor, Maui, HI"
90e8d1e6,Kahului Harbor,HI,Hawaii,,"Kahului Harbor, Maui, HI",,Reef/harbor; locals.,,,"Kahului Harbor surf, Maui, HI",20.8957911,-156.47194144347145,"Kahului Harbor, Maui, HI"
a0eeb7f2,Polihale,HI,Hawaii,,"Polihale State Park, Kauai, HI",,Remote; powerful beachbreak.,,,"Polihale State Park surf, Kauai, HI",22.082631,-159.7610285793121,"Polihale State Park, Kauai, HI"
65afcc83,Shipwrecks,HI,Hawaii,,"Shipwrecks, Poipu, Kauai, HI",,Reef; good on S swell.,,,"Shipwrecks surf, Poipu, Kauai, HI",21.8766526,-159.4539141,"Shipwrecks, Poipu, Kauai, HI"
3b37e903,Daytona Beach,FL,Florida,,"Daytona Beach, Daytona Beach, FL",,Peaky; sandbars; crowds.,,,"Daytona Beach surf, Daytona Beach, FL",29.181643899999997,-81.05426943154424,"Daytona Beach, Daytona Beach, FL"
c67093e4,Ponce Inlet,FL,Florida,,"Ponce Inlet, Ponce Inlet, FL",,Jetty/inlet; good shape.,,,"Ponce Inlet surf, Ponce Inlet, FL",29.08062525,-80.928056139087,"Ponce Inlet, Ponce Inlet, FL"
5bbe5ddd,Satellite Beach,FL,Florida,,"Satellite Beach, Satellite Beach, FL",,Breward peaks; consistent.,,,"Satellite Beach surf, Satellite Beach, FL",28.1760051,-80.5904623,"Satellite Beach, Satellite Beach, FL"
f8a6b04b,Indialantic,FL,Florida,,"Indialantic, Indialantic, FL",,Peaky beachbreak.,,,"Indialantic surf, Indialantic, FL",28.0911921,-80.5679875,"Indialantic, Indialantic, FL"
890d7f6b,Clearwater Beach,FL,Florida,,"Clearwater Beach, Clearwater, FL",,Gulf; small; storm-driven.,,,"Clearwater Beach surf, Clearwater, FL",27.9849747,-82.8286879,"Clearwater Beach, Clearwater, FL"
a8d4749c,St. Pete Beach,FL,Florida,,"St Pete Beach, St Pete Beach, FL",,Gulf; occasional.,,,"St Pete Beach surf, St Pete Beach, FL",27.7345,-82.7463,"St Pete Beach, St Pete Beach, FL"
37036a14,Asbury Park,Various (East),East Coast,,"Asbury Park, Asbury Park, NJ",,Jetties help; peaky.,,,"Asbury Park surf, Asbury Park, NJ",40.2203907,-74.0120817,"Asbury Park, Asbury Park, NJ"
7ce23989,Sandy Hook,Various (East),East Coast,,"Sandy Hook, Highlands, NJ",,Multiple breaks; wind-dependent.,,,"Sandy Hook surf, Highlands, NJ",40.43989485,-73.98796834518123,"Sandy Hook, Highlands, NJ"
eb44b450,Long Branch,Various (East),East Coast,,"Long Branch, Long Branch, NJ",,Beachbreak; peaks.,,,"Long Branch surf, Long Branch, NJ",40.3042778,-73.9923596,"Long Branch, Long Branch, NJ"
01883b1e,Cape May,Various (East),East Coast,,"Cape May, Cape May, NJ",,South Jersey; best with swell.,,,"Cape May surf, Cape May, NJ",38.933431,-74.9214226,"Cape May, Cape May, NJ"
845aa027,Fire Island,Various (East),East Coast,,"Fire Island, NY",,Sandbars; long peaks.,,,"Fire Island surf, NY",40.6475997,-73.1459474,"Fire Island, NY"
141360af,Long Beach (NJ),Various (East),East Coast,,"Long Beach Township, NJ",,Many peaks; sandbars.,,,"Long Beach Township surf, NJ",39.6162477,-74.1997058,"Long Beach Township, NJ"
4d1d2245,Cape Cod (Coast Guard Beach),Various (East),East Coast,,"Coast Guard Beach, Eastham, MA",,Powerful; cold; rips.,,,"Coast Guard Beach surf, Eastham, MA",41.8450596,-69.947164,"Coast Guard Beach, Eastham, MA"
ab968e1e,Maine (Ogunquit),Various (East),East Coast,,"Ogunquit, Ogunquit, ME",,Seasonal; reefs/points nearby.,,,"Ogunquit surf, Ogunquit, ME",43.2489755,-70.5992201,"Ogunquit, Ogunquit, ME"
d8c67f5f,Maine (Higgins Beach),Various (East),East Coast,,"Higgins Beach, Scarborough, ME",,Classic Maine spot; cold water.,,,"Higgins Beach surf, Scarborough, ME",43.5612902,-70.27287790541673,"Higgins Beach, Scarborough, ME"
dbcd086e,New Jersey (Avalon),Various (East),East Coast,,"Avalon, Avalon, NJ",,Sandbars; peaks.,,,"Avalon surf, Avalon, NJ",39.092286400000006,-74.7187865864911,"Avalon, Avalon, NJ"
df3bf6d5,NC (Jennette's Pier),Various (East),East Coast,,"Jennette's Pier, Nags Head, NC",,Consistent; pier peaks.,,,"Jennette's Pier surf, Nags Head, NC",35.90973965,-75.59645251155753,"Jennette's Pier, Nags Head, NC"
a38d3e3c,NC (Cape Lookout),Various (East),East Coast,,"Cape Lookout, NC",,Remote; great sandbars.,,,"Cape Lookout surf, NC",34.6054423,-76.536312,"Cape Lookout, NC"
29b939fc,SC (Isle of Palms Pier),Various (East),East Coast,,"Isle of Palms Pier, Isle of Palms, SC",,Pier peaks; consistent.,,,"Isle of Palms Pier surf, Isle of Palms, SC",32.7921203,-79.7803596,"Isle of Palms Pier, Isle of Palms, SC"
b04ae892,Pensacola Pier,Gulf,Gulf Coast,,"Pensacola Beach Pier, Pensacola Beach, FL",,Gulf; best with storms.,,,"Pensacola Beach Pier surf, Pensacola Beach, FL",30.3293012264188,-87.14237451331473,"Pensacola Beach Pier, Pensacola Beach, FL"
44441277,Navarre Beach,Gulf,Gulf Coast,,"Navarre Beach, Navarre, FL",,Gulf; variable.,,,"Navarre Beach surf, Navarre, FL",30.3793662,-86.862182,"Navarre Beach, Navarre, FL"
c6bfa99f,Gulf Shores,Gulf,Gulf Coast,,"Gulf Shores, Gulf Shores, AL",,Gulf; occasional.,,,"Gulf Shores surf, Gulf Shores, AL",30.279494749999998,-87.6867252,"Gulf Shores, Gulf Shores, AL"
ed47028e,Grand Haven,Great Lakes,Inland / Great Lakes,,"Grand Haven, Grand Haven, MI",,Freshwater; wind swell.,,,"Grand Haven surf, Grand Haven, MI",43.0630734,-86.2283864,"Grand Haven, Grand Haven, MI"
130a9eeb,St. Joseph,Great Lakes,Inland / Great Lakes,,"St Joseph, St Joseph, MI",,Freshwater; best in fall.,,,"St Joseph surf, St Joseph, MI",42.1091645,-86.4845239,"St Joseph, St Joseph, MI"
6d1e4843,Cleveland (Edgewater),Great Lakes,Inland / Great Lakes,,"Edgewater Park, Cleveland, OH",,Freshwater; storm winds.,,,"Edgewater Park surf, Cleveland, OH",41.486741150361084,-81.74399719432122,"Edgewater Park, Cleveland, OH"
ee2bf79c,Buffalo (Woodlawn),Great Lakes,Inland / Great Lakes,,"Woodlawn Beach, Buffalo, NY",,Freshwater; wind swell.,,,"Woodlawn Beach surf, Buffalo, NY",42.8867166,-78.8783922,"Woodlawn Beach, Buffalo, NY"
